name;competence;willingness
nils;0.7999999999999999;0.9999999999999999
